N650,3000,6500
N650_N630,3000,6000
N630,3000,5900
N632,3000,4900
N6321,3000,3900
N671,3000,2900
N680,3000,1900
N633,4000,4000
N634,5000,4000
N692,4000,2000
N675,5000,2000
N645,2000,4000
N646,1000,4000
N684,2000,2000
N611,1000,2000
N652,2000,1000
xfmr_meter_632_A_1,2920,3800
trip_node_632_A_1,2920,3800
xfmr_meter_632_A_2,2920,3800
trip_node_632_A_2,2930,3800
xfmr_meter_632_A_3,2920,3800
trip_node_632_A_3,2940,3800
xfmr_meter_632_A_4,2920,3800
trip_node_632_A_4,2950,3800
xfmr_meter_632_A_5,2920,3800
trip_node_632_A_5,2960,3800
xfmr_meter_632_B_1,2920,3800
trip_node_632_B_1,2970,3800
xfmr_meter_632_B_2,2920,3800
trip_node_632_B_2,2980,3800
xfmr_meter_632_B_3,2920,3800
trip_node_632_B_3,2990,3800
xfmr_meter_632_B_4,2920,3800
trip_node_632_B_4,3000,3800
xfmr_meter_632_B_5,2920,3800
trip_node_632_B_5,3010,3800
xfmr_meter_632_C_1,2920,3800
trip_node_632_C_1,3020,3800
xfmr_meter_632_C_2,2920,3800
trip_node_632_C_2,3030,3800
xfmr_meter_632_C_3,2920,3800
trip_node_632_C_3,3040,3800
xfmr_meter_632_C_4,2920,3800
trip_node_632_C_4,3050,3800
xfmr_meter_632_C_5,2920,3800
trip_node_632_C_5,3060,3800
meter_632_A,2920,3800
meter_632_B,3000,3800
meter_632_C,3080,3800
trip_load_632_A_h_1,2860,3800
trip_load_632_A_h_2,2880,3800
trip_load_632_A_h_3,2900,3800
trip_load_632_A_h_4,2920,3800
trip_load_632_A_h_5,2940,3800
trip_load_632_A_h_6,2960,3800
trip_load_632_A_h_7,2980,3800
trip_load_632_A_h_8,3000,3800
trip_load_632_A_h_9,3020,3800
trip_load_632_A_h_10,3040,3800
trip_load_632_A_h_11,3060,3800
trip_load_632_A_h_12,3080,3800
trip_load_632_A_h_13,3100,3800
trip_load_632_A_h_14,3120,3800
trip_load_632_A_h_15,3140,3800
trip_load_632_A_h_16,3160,3800
trip_load_632_A_h_17,3180,3800
trip_load_632_A_h_18,3200,3800
trip_load_632_A_h_19,3220,3800
trip_load_632_A_h_20,3240,3800
trip_load_632_A_h_21,3260,3800
trip_load_632_A_h_22,3280,3800
trip_load_632_A_h_23,3300,3800
trip_load_632_A_h_24,3320,3800
trip_load_632_A_h_25,3340,3800
trip_load_632_A_h_26,3360,3800
trip_load_632_A_h_27,3380,3800
trip_load_632_A_h_28,3400,3800
trip_load_632_A_h_29,3420,3800
trip_load_632_A_h_30,3440,3800
trip_load_632_A_h_31,3460,3800
trip_load_632_A_h_32,3480,3800
trip_load_632_A_h_33,3500,3800
trip_load_632_A_h_34,3520,3800
trip_load_632_A_h_35,3540,3800
trip_load_632_A_h_36,3560,3800
trip_load_632_A_h_37,3580,3800
trip_load_632_A_h_38,3600,3800
trip_load_632_A_h_39,3620,3800
trip_load_632_A_h_40,3640,3800
trip_load_632_B_h_1,3660,3800
trip_load_632_B_h_2,3680,3800
trip_load_632_B_h_3,3700,3800
trip_load_632_B_h_4,3720,3800
trip_load_632_B_h_5,3740,3800
trip_load_632_B_h_6,3760,3800
trip_load_632_B_h_7,3780,3800
trip_load_632_B_h_8,3800,3800
trip_load_632_B_h_9,3820,3800
trip_load_632_B_h_10,3840,3800
trip_load_632_B_h_11,3860,3800
trip_load_632_B_h_12,3880,3800
trip_load_632_B_h_13,3900,3800
trip_load_632_B_h_14,3920,3800
trip_load_632_B_h_15,3940,3800
trip_load_632_B_h_16,3960,3800
trip_load_632_B_h_17,3980,3800
trip_load_632_B_h_18,4000,3800
trip_load_632_B_h_19,4020,3800
trip_load_632_B_h_20,4040,3800
trip_load_632_B_h_21,4060,3800
trip_load_632_B_h_22,4080,3800
trip_load_632_B_h_23,4100,3800
trip_load_632_B_h_24,4120,3800
trip_load_632_B_h_25,4140,3800
trip_load_632_B_h_26,4160,3800
trip_load_632_B_h_27,4180,3800
trip_load_632_B_h_28,4200,3800
trip_load_632_B_h_29,4220,3800
trip_load_632_B_h_30,4240,3800
trip_load_632_B_h_31,4260,3800
trip_load_632_B_h_32,4280,3800
trip_load_632_B_h_33,4300,3800
trip_load_632_B_h_34,4320,3800
trip_load_632_B_h_35,4340,3800
trip_load_632_B_h_36,4360,3800
trip_load_632_B_h_37,4380,3800
trip_load_632_B_h_38,4400,3800
trip_load_632_B_h_39,4420,3800
trip_load_632_B_h_40,4440,3800
trip_load_632_C_h_1,4460,3800
trip_load_632_C_h_2,4480,3800
trip_load_632_C_h_3,4500,3800
trip_load_632_C_h_4,4520,3800
trip_load_632_C_h_5,4540,3800
trip_load_632_C_h_6,4560,3800
trip_load_632_C_h_7,4580,3800
trip_load_632_C_h_8,4600,3800
trip_load_632_C_h_9,4620,3800
trip_load_632_C_h_10,4640,3800
trip_load_632_C_h_11,4660,3800
trip_load_632_C_h_12,4680,3800
trip_load_632_C_h_13,4700,3800
trip_load_632_C_h_14,4720,3800
trip_load_632_C_h_15,4740,3800
trip_load_632_C_h_16,4760,3800
trip_load_632_C_h_17,4780,3800
trip_load_632_C_h_18,4800,3800
trip_load_632_C_h_19,4820,3800
trip_load_632_C_h_20,4840,3800
trip_load_632_C_h_21,4860,3800
trip_load_632_C_h_22,4880,3800
trip_load_632_C_h_23,4900,3800
trip_load_632_C_h_24,4920,3800
trip_load_632_C_h_25,4940,3800
trip_load_632_C_h_26,4960,3800
trip_load_632_C_h_27,4980,3800
trip_load_632_C_h_28,5000,3800
trip_load_632_C_h_29,5020,3800
trip_load_632_C_h_30,5040,3800
trip_load_632_C_h_31,5060,3800
trip_load_632_C_h_32,5080,3800
trip_load_632_C_h_33,5100,3800
trip_load_632_C_h_34,5120,3800
trip_load_632_C_h_35,5140,3800
trip_load_632_C_h_36,5160,3800
trip_load_632_C_h_37,5180,3800
trip_load_632_C_h_38,5200,3800
trip_load_632_C_h_39,5220,3800
trip_load_632_C_h_40,5240,3800
xfmr_meter_671_A_1,2920,1800
trip_node_671_A_1,2920,1800
xfmr_meter_671_A_2,2920,1800
trip_node_671_A_2,2930,1800
xfmr_meter_671_A_3,2920,1800
trip_node_671_A_3,2940,1800
xfmr_meter_671_A_4,2920,1800
trip_node_671_A_4,2950,1800
xfmr_meter_671_A_5,2920,1800
trip_node_671_A_5,2960,1800
xfmr_meter_671_B_1,2920,1800
trip_node_671_B_1,2970,1800
xfmr_meter_671_B_2,2920,1800
trip_node_671_B_2,2980,1800
xfmr_meter_671_B_3,2920,1800
trip_node_671_B_3,2990,1800
xfmr_meter_671_B_4,2920,1800
trip_node_671_B_4,3000,1800
xfmr_meter_671_B_5,2920,1800
trip_node_671_B_5,3010,1800
xfmr_meter_671_C_1,2920,1800
trip_node_671_C_1,3020,1800
xfmr_meter_671_C_2,2920,1800
trip_node_671_C_2,3030,1800
xfmr_meter_671_C_3,2920,1800
trip_node_671_C_3,3040,1800
xfmr_meter_671_C_4,2920,1800
trip_node_671_C_4,3050,1800
xfmr_meter_671_C_5,2920,1800
trip_node_671_C_5,3060,1800
meter_671_A,2920,1800
meter_671_B,3000,1800
meter_671_C,3080,1800
trip_load_671_A_h_1,2860,1800
trip_load_671_A_h_2,2880,1800
trip_load_671_A_h_3,2900,1800
trip_load_671_A_h_4,2920,1800
trip_load_671_A_h_5,2940,1800
trip_load_671_A_h_6,2960,1800
trip_load_671_A_h_7,2980,1800
trip_load_671_A_h_8,3000,1800
trip_load_671_A_h_9,3020,1800
trip_load_671_A_h_10,3040,1800
trip_load_671_A_h_11,3060,1800
trip_load_671_A_h_12,3080,1800
trip_load_671_A_h_13,3100,1800
trip_load_671_A_h_14,3120,1800
trip_load_671_A_h_15,3140,1800
trip_load_671_A_h_16,3160,1800
trip_load_671_A_h_17,3180,1800
trip_load_671_A_h_18,3200,1800
trip_load_671_A_h_19,3220,1800
trip_load_671_A_h_20,3240,1800
trip_load_671_A_h_21,3260,1800
trip_load_671_A_h_22,3280,1800
trip_load_671_A_h_23,3300,1800
trip_load_671_A_h_24,3320,1800
trip_load_671_A_h_25,3340,1800
trip_load_671_A_h_26,3360,1800
trip_load_671_A_h_27,3380,1800
trip_load_671_A_h_28,3400,1800
trip_load_671_A_h_29,3420,1800
trip_load_671_A_h_30,3440,1800
trip_load_671_A_h_31,3460,1800
trip_load_671_A_h_32,3480,1800
trip_load_671_A_h_33,3500,1800
trip_load_671_A_h_34,3520,1800
trip_load_671_A_h_35,3540,1800
trip_load_671_A_h_36,3560,1800
trip_load_671_A_h_37,3580,1800
trip_load_671_A_h_38,3600,1800
trip_load_671_A_h_39,3620,1800
trip_load_671_A_h_40,3640,1800
trip_load_671_B_h_1,3660,1800
trip_load_671_B_h_2,3680,1800
trip_load_671_B_h_3,3700,1800
trip_load_671_B_h_4,3720,1800
trip_load_671_B_h_5,3740,1800
trip_load_671_B_h_6,3760,1800
trip_load_671_B_h_7,3780,1800
trip_load_671_B_h_8,3800,1800
trip_load_671_B_h_9,3820,1800
trip_load_671_B_h_10,3840,1800
trip_load_671_B_h_11,3860,1800
trip_load_671_B_h_12,3880,1800
trip_load_671_B_h_13,3900,1800
trip_load_671_B_h_14,3920,1800
trip_load_671_B_h_15,3940,1800
trip_load_671_B_h_16,3960,1800
trip_load_671_B_h_17,3980,1800
trip_load_671_B_h_18,4000,1800
trip_load_671_B_h_19,4020,1800
trip_load_671_B_h_20,4040,1800
trip_load_671_B_h_21,4060,1800
trip_load_671_B_h_22,4080,1800
trip_load_671_B_h_23,4100,1800
trip_load_671_B_h_24,4120,1800
trip_load_671_B_h_25,4140,1800
trip_load_671_B_h_26,4160,1800
trip_load_671_B_h_27,4180,1800
trip_load_671_B_h_28,4200,1800
trip_load_671_B_h_29,4220,1800
trip_load_671_B_h_30,4240,1800
trip_load_671_B_h_31,4260,1800
trip_load_671_B_h_32,4280,1800
trip_load_671_B_h_33,4300,1800
trip_load_671_B_h_34,4320,1800
trip_load_671_B_h_35,4340,1800
trip_load_671_B_h_36,4360,1800
trip_load_671_B_h_37,4380,1800
trip_load_671_B_h_38,4400,1800
trip_load_671_B_h_39,4420,1800
trip_load_671_B_h_40,4440,1800
trip_load_671_C_h_1,4460,1800
trip_load_671_C_h_2,4480,1800
trip_load_671_C_h_3,4500,1800
trip_load_671_C_h_4,4520,1800
trip_load_671_C_h_5,4540,1800
trip_load_671_C_h_6,4560,1800
trip_load_671_C_h_7,4580,1800
trip_load_671_C_h_8,4600,1800
trip_load_671_C_h_9,4620,1800
trip_load_671_C_h_10,4640,1800
trip_load_671_C_h_11,4660,1800
trip_load_671_C_h_12,4680,1800
trip_load_671_C_h_13,4700,1800
trip_load_671_C_h_14,4720,1800
trip_load_671_C_h_15,4740,1800
trip_load_671_C_h_16,4760,1800
trip_load_671_C_h_17,4780,1800
trip_load_671_C_h_18,4800,1800
trip_load_671_C_h_19,4820,1800
trip_load_671_C_h_20,4840,1800
trip_load_671_C_h_21,4860,1800
trip_load_671_C_h_22,4880,1800
trip_load_671_C_h_23,4900,1800
trip_load_671_C_h_24,4920,1800
trip_load_671_C_h_25,4940,1800
trip_load_671_C_h_26,4960,1800
trip_load_671_C_h_27,4980,1800
trip_load_671_C_h_28,5000,1800
trip_load_671_C_h_29,5020,1800
trip_load_671_C_h_30,5040,1800
trip_load_671_C_h_31,5060,1800
trip_load_671_C_h_32,5080,1800
trip_load_671_C_h_33,5100,1800
trip_load_671_C_h_34,5120,1800
trip_load_671_C_h_35,5140,1800
trip_load_671_C_h_36,5160,1800
trip_load_671_C_h_37,5180,1800
trip_load_671_C_h_38,5200,1800
trip_load_671_C_h_39,5220,1800
trip_load_671_C_h_40,5240,1800
xfmr_meter_680_A_1,2920,800
trip_node_680_A_1,2920,800
xfmr_meter_680_A_2,2920,800
trip_node_680_A_2,2930,800
xfmr_meter_680_A_3,2920,800
trip_node_680_A_3,2940,800
xfmr_meter_680_A_4,2920,800
trip_node_680_A_4,2950,800
xfmr_meter_680_A_5,2920,800
trip_node_680_A_5,2960,800
xfmr_meter_680_B_1,2920,800
trip_node_680_B_1,2970,800
xfmr_meter_680_B_2,2920,800
trip_node_680_B_2,2980,800
xfmr_meter_680_B_3,2920,800
trip_node_680_B_3,2990,800
xfmr_meter_680_B_4,2920,800
trip_node_680_B_4,3000,800
xfmr_meter_680_B_5,2920,800
trip_node_680_B_5,3010,800
xfmr_meter_680_C_1,2920,800
trip_node_680_C_1,3020,800
xfmr_meter_680_C_2,2920,800
trip_node_680_C_2,3030,800
xfmr_meter_680_C_3,2920,800
trip_node_680_C_3,3040,800
xfmr_meter_680_C_4,2920,800
trip_node_680_C_4,3050,800
xfmr_meter_680_C_5,2920,800
trip_node_680_C_5,3060,800
meter_680_A,2920,800
meter_680_B,3000,800
meter_680_C,3080,800
trip_load_680_A_h_1,2860,800
trip_load_680_A_h_2,2880,800
trip_load_680_A_h_3,2900,800
trip_load_680_A_h_4,2920,800
trip_load_680_A_h_5,2940,800
trip_load_680_A_h_6,2960,800
trip_load_680_A_h_7,2980,800
trip_load_680_A_h_8,3000,800
trip_load_680_A_h_9,3020,800
trip_load_680_A_h_10,3040,800
trip_load_680_A_h_11,3060,800
trip_load_680_A_h_12,3080,800
trip_load_680_A_h_13,3100,800
trip_load_680_A_h_14,3120,800
trip_load_680_A_h_15,3140,800
trip_load_680_A_h_16,3160,800
trip_load_680_A_h_17,3180,800
trip_load_680_A_h_18,3200,800
trip_load_680_A_h_19,3220,800
trip_load_680_A_h_20,3240,800
trip_load_680_A_h_21,3260,800
trip_load_680_A_h_22,3280,800
trip_load_680_A_h_23,3300,800
trip_load_680_A_h_24,3320,800
trip_load_680_A_h_25,3340,800
trip_load_680_A_h_26,3360,800
trip_load_680_A_h_27,3380,800
trip_load_680_A_h_28,3400,800
trip_load_680_A_h_29,3420,800
trip_load_680_A_h_30,3440,800
trip_load_680_A_h_31,3460,800
trip_load_680_A_h_32,3480,800
trip_load_680_A_h_33,3500,800
trip_load_680_A_h_34,3520,800
trip_load_680_A_h_35,3540,800
trip_load_680_A_h_36,3560,800
trip_load_680_A_h_37,3580,800
trip_load_680_A_h_38,3600,800
trip_load_680_A_h_39,3620,800
trip_load_680_A_h_40,3640,800
trip_load_680_B_h_1,3660,800
trip_load_680_B_h_2,3680,800
trip_load_680_B_h_3,3700,800
trip_load_680_B_h_4,3720,800
trip_load_680_B_h_5,3740,800
trip_load_680_B_h_6,3760,800
trip_load_680_B_h_7,3780,800
trip_load_680_B_h_8,3800,800
trip_load_680_B_h_9,3820,800
trip_load_680_B_h_10,3840,800
trip_load_680_B_h_11,3860,800
trip_load_680_B_h_12,3880,800
trip_load_680_B_h_13,3900,800
trip_load_680_B_h_14,3920,800
trip_load_680_B_h_15,3940,800
trip_load_680_B_h_16,3960,800
trip_load_680_B_h_17,3980,800
trip_load_680_B_h_18,4000,800
trip_load_680_B_h_19,4020,800
trip_load_680_B_h_20,4040,800
trip_load_680_B_h_21,4060,800
trip_load_680_B_h_22,4080,800
trip_load_680_B_h_23,4100,800
trip_load_680_B_h_24,4120,800
trip_load_680_B_h_25,4140,800
trip_load_680_B_h_26,4160,800
trip_load_680_B_h_27,4180,800
trip_load_680_B_h_28,4200,800
trip_load_680_B_h_29,4220,800
trip_load_680_B_h_30,4240,800
trip_load_680_B_h_31,4260,800
trip_load_680_B_h_32,4280,800
trip_load_680_B_h_33,4300,800
trip_load_680_B_h_34,4320,800
trip_load_680_B_h_35,4340,800
trip_load_680_B_h_36,4360,800
trip_load_680_B_h_37,4380,800
trip_load_680_B_h_38,4400,800
trip_load_680_B_h_39,4420,800
trip_load_680_B_h_40,4440,800
trip_load_680_C_h_1,4460,800
trip_load_680_C_h_2,4480,800
trip_load_680_C_h_3,4500,800
trip_load_680_C_h_4,4520,800
trip_load_680_C_h_5,4540,800
trip_load_680_C_h_6,4560,800
trip_load_680_C_h_7,4580,800
trip_load_680_C_h_8,4600,800
trip_load_680_C_h_9,4620,800
trip_load_680_C_h_10,4640,800
trip_load_680_C_h_11,4660,800
trip_load_680_C_h_12,4680,800
trip_load_680_C_h_13,4700,800
trip_load_680_C_h_14,4720,800
trip_load_680_C_h_15,4740,800
trip_load_680_C_h_16,4760,800
trip_load_680_C_h_17,4780,800
trip_load_680_C_h_18,4800,800
trip_load_680_C_h_19,4820,800
trip_load_680_C_h_20,4840,800
trip_load_680_C_h_21,4860,800
trip_load_680_C_h_22,4880,800
trip_load_680_C_h_23,4900,800
trip_load_680_C_h_24,4920,800
trip_load_680_C_h_25,4940,800
trip_load_680_C_h_26,4960,800
trip_load_680_C_h_27,4980,800
trip_load_680_C_h_28,5000,800
trip_load_680_C_h_29,5020,800
trip_load_680_C_h_30,5040,800
trip_load_680_C_h_31,5060,800
trip_load_680_C_h_32,5080,800
trip_load_680_C_h_33,5100,800
trip_load_680_C_h_34,5120,800
trip_load_680_C_h_35,5140,800
trip_load_680_C_h_36,5160,800
trip_load_680_C_h_37,5180,800
trip_load_680_C_h_38,5200,800
trip_load_680_C_h_39,5220,800
trip_load_680_C_h_40,5240,800
xfmr_meter_633_A_1,4080,3900
trip_node_633_A_1,4080,3900
xfmr_meter_633_A_2,4080,3900
trip_node_633_A_2,4090,3900
xfmr_meter_633_A_3,4080,3900
trip_node_633_A_3,4100,3900
xfmr_meter_633_A_4,4080,3900
trip_node_633_A_4,4110,3900
xfmr_meter_633_A_5,4080,3900
trip_node_633_A_5,4120,3900
xfmr_meter_633_B_1,4080,3900
trip_node_633_B_1,4130,3900
xfmr_meter_633_B_2,4080,3900
trip_node_633_B_2,4140,3900
xfmr_meter_633_B_3,4080,3900
trip_node_633_B_3,4150,3900
xfmr_meter_633_B_4,4080,3900
trip_node_633_B_4,4160,3900
xfmr_meter_633_B_5,4080,3900
trip_node_633_B_5,4170,3900
xfmr_meter_633_C_1,4080,3900
trip_node_633_C_1,4180,3900
xfmr_meter_633_C_2,4080,3900
trip_node_633_C_2,4190,3900
xfmr_meter_633_C_3,4080,3900
trip_node_633_C_3,4200,3900
xfmr_meter_633_C_4,4080,3900
trip_node_633_C_4,4210,3900
xfmr_meter_633_C_5,4080,3900
trip_node_633_C_5,4220,3900
meter_633_A,4080,3900
meter_633_B,4160,3900
meter_633_C,4240,3900
trip_load_633_A_h_1,3960,3900
trip_load_633_A_h_2,3980,3900
trip_load_633_A_h_3,4000,3900
trip_load_633_A_h_4,4020,3900
trip_load_633_A_h_5,4040,3900
trip_load_633_A_h_6,4060,3900
trip_load_633_A_h_7,4080,3900
trip_load_633_A_h_8,4100,3900
trip_load_633_A_h_9,4120,3900
trip_load_633_A_h_10,4140,3900
trip_load_633_A_h_11,4160,3900
trip_load_633_A_h_12,4180,3900
trip_load_633_A_h_13,4200,3900
trip_load_633_A_h_14,4220,3900
trip_load_633_A_h_15,4240,3900
trip_load_633_A_h_16,4260,3900
trip_load_633_A_h_17,4280,3900
trip_load_633_A_h_18,4300,3900
trip_load_633_A_h_19,4320,3900
trip_load_633_A_h_20,4340,3900
trip_load_633_A_h_21,4360,3900
trip_load_633_A_h_22,4380,3900
trip_load_633_A_h_23,4400,3900
trip_load_633_A_h_24,4420,3900
trip_load_633_A_h_25,4440,3900
trip_load_633_A_h_26,4460,3900
trip_load_633_A_h_27,4480,3900
trip_load_633_A_h_28,4500,3900
trip_load_633_A_h_29,4520,3900
trip_load_633_A_h_30,4540,3900
trip_load_633_A_h_31,4560,3900
trip_load_633_A_h_32,4580,3900
trip_load_633_A_h_33,4600,3900
trip_load_633_A_h_34,4620,3900
trip_load_633_A_h_35,4640,3900
trip_load_633_A_h_36,4660,3900
trip_load_633_A_h_37,4680,3900
trip_load_633_A_h_38,4700,3900
trip_load_633_A_h_39,4720,3900
trip_load_633_A_h_40,4740,3900
trip_load_633_B_h_1,4760,3900
trip_load_633_B_h_2,4780,3900
trip_load_633_B_h_3,4800,3900
trip_load_633_B_h_4,4820,3900
trip_load_633_B_h_5,4840,3900
trip_load_633_B_h_6,4860,3900
trip_load_633_B_h_7,4880,3900
trip_load_633_B_h_8,4900,3900
trip_load_633_B_h_9,4920,3900
trip_load_633_B_h_10,4940,3900
trip_load_633_B_h_11,4960,3900
trip_load_633_B_h_12,4980,3900
trip_load_633_B_h_13,5000,3900
trip_load_633_B_h_14,5020,3900
trip_load_633_B_h_15,5040,3900
trip_load_633_B_h_16,5060,3900
trip_load_633_B_h_17,5080,3900
trip_load_633_B_h_18,5100,3900
trip_load_633_B_h_19,5120,3900
trip_load_633_B_h_20,5140,3900
trip_load_633_B_h_21,5160,3900
trip_load_633_B_h_22,5180,3900
trip_load_633_B_h_23,5200,3900
trip_load_633_B_h_24,5220,3900
trip_load_633_B_h_25,5240,3900
trip_load_633_B_h_26,5260,3900
trip_load_633_B_h_27,5280,3900
trip_load_633_B_h_28,5300,3900
trip_load_633_B_h_29,5320,3900
trip_load_633_B_h_30,5340,3900
trip_load_633_B_h_31,5360,3900
trip_load_633_B_h_32,5380,3900
trip_load_633_B_h_33,5400,3900
trip_load_633_B_h_34,5420,3900
trip_load_633_B_h_35,5440,3900
trip_load_633_B_h_36,5460,3900
trip_load_633_B_h_37,5480,3900
trip_load_633_B_h_38,5500,3900
trip_load_633_B_h_39,5520,3900
trip_load_633_B_h_40,5540,3900
trip_load_633_C_h_1,5560,3900
trip_load_633_C_h_2,5580,3900
trip_load_633_C_h_3,5600,3900
trip_load_633_C_h_4,5620,3900
trip_load_633_C_h_5,5640,3900
trip_load_633_C_h_6,5660,3900
trip_load_633_C_h_7,5680,3900
trip_load_633_C_h_8,5700,3900
trip_load_633_C_h_9,5720,3900
trip_load_633_C_h_10,5740,3900
trip_load_633_C_h_11,5760,3900
trip_load_633_C_h_12,5780,3900
trip_load_633_C_h_13,5800,3900
trip_load_633_C_h_14,5820,3900
trip_load_633_C_h_15,5840,3900
trip_load_633_C_h_16,5860,3900
trip_load_633_C_h_17,5880,3900
trip_load_633_C_h_18,5900,3900
trip_load_633_C_h_19,5920,3900
trip_load_633_C_h_20,5940,3900
trip_load_633_C_h_21,5960,3900
trip_load_633_C_h_22,5980,3900
trip_load_633_C_h_23,6000,3900
trip_load_633_C_h_24,6020,3900
trip_load_633_C_h_25,6040,3900
trip_load_633_C_h_26,6060,3900
trip_load_633_C_h_27,6080,3900
trip_load_633_C_h_28,6100,3900
trip_load_633_C_h_29,6120,3900
trip_load_633_C_h_30,6140,3900
trip_load_633_C_h_31,6160,3900
trip_load_633_C_h_32,6180,3900
trip_load_633_C_h_33,6200,3900
trip_load_633_C_h_34,6220,3900
trip_load_633_C_h_35,6240,3900
trip_load_633_C_h_36,6260,3900
trip_load_633_C_h_37,6280,3900
trip_load_633_C_h_38,6300,3900
trip_load_633_C_h_39,6320,3900
trip_load_633_C_h_40,6340,3900
xfmr_meter_692_A_1,3920,1900
trip_node_692_A_1,3920,1900
xfmr_meter_692_A_2,3920,1900
trip_node_692_A_2,3930,1900
xfmr_meter_692_A_3,3920,1900
trip_node_692_A_3,3940,1900
xfmr_meter_692_A_4,3920,1900
trip_node_692_A_4,3950,1900
xfmr_meter_692_A_5,3920,1900
trip_node_692_A_5,3960,1900
xfmr_meter_692_B_1,3920,1900
trip_node_692_B_1,3970,1900
xfmr_meter_692_B_2,3920,1900
trip_node_692_B_2,3980,1900
xfmr_meter_692_B_3,3920,1900
trip_node_692_B_3,3990,1900
xfmr_meter_692_B_4,3920,1900
trip_node_692_B_4,4000,1900
xfmr_meter_692_B_5,3920,1900
trip_node_692_B_5,4010,1900
xfmr_meter_692_C_1,3920,1900
trip_node_692_C_1,4020,1900
xfmr_meter_692_C_2,3920,1900
trip_node_692_C_2,4030,1900
xfmr_meter_692_C_3,3920,1900
trip_node_692_C_3,4040,1900
xfmr_meter_692_C_4,3920,1900
trip_node_692_C_4,4050,1900
xfmr_meter_692_C_5,3920,1900
trip_node_692_C_5,4060,1900
meter_692_A,3920,1900
meter_692_B,4000,1900
meter_692_C,4080,1900
trip_load_692_A_h_1,3920,1900
trip_load_692_A_h_2,3940,1900
trip_load_692_A_h_3,3960,1900
trip_load_692_A_h_4,3980,1900
trip_load_692_A_h_5,4000,1900
trip_load_692_A_h_6,4020,1900
trip_load_692_A_h_7,4040,1900
trip_load_692_A_h_8,4060,1900
trip_load_692_A_h_9,4080,1900
trip_load_692_A_h_10,4100,1900
trip_load_692_A_h_11,4120,1900
trip_load_692_A_h_12,4140,1900
trip_load_692_A_h_13,4160,1900
trip_load_692_A_h_14,4180,1900
trip_load_692_A_h_15,4200,1900
trip_load_692_A_h_16,4220,1900
trip_load_692_A_h_17,4240,1900
trip_load_692_A_h_18,4260,1900
trip_load_692_A_h_19,4280,1900
trip_load_692_A_h_20,4300,1900
trip_load_692_A_h_21,4320,1900
trip_load_692_A_h_22,4340,1900
trip_load_692_A_h_23,4360,1900
trip_load_692_A_h_24,4380,1900
trip_load_692_A_h_25,4400,1900
trip_load_692_A_h_26,4420,1900
trip_load_692_A_h_27,4440,1900
trip_load_692_A_h_28,4460,1900
trip_load_692_A_h_29,4480,1900
trip_load_692_A_h_30,4500,1900
trip_load_692_A_h_31,4520,1900
trip_load_692_A_h_32,4540,1900
trip_load_692_A_h_33,4560,1900
trip_load_692_A_h_34,4580,1900
trip_load_692_A_h_35,4600,1900
trip_load_692_A_h_36,4620,1900
trip_load_692_A_h_37,4640,1900
trip_load_692_A_h_38,4660,1900
trip_load_692_A_h_39,4680,1900
trip_load_692_A_h_40,4700,1900
trip_load_692_B_h_1,4720,1900
trip_load_692_B_h_2,4740,1900
trip_load_692_B_h_3,4760,1900
trip_load_692_B_h_4,4780,1900
trip_load_692_B_h_5,4800,1900
trip_load_692_B_h_6,4820,1900
trip_load_692_B_h_7,4840,1900
trip_load_692_B_h_8,4860,1900
trip_load_692_B_h_9,4880,1900
trip_load_692_B_h_10,4900,1900
trip_load_692_B_h_11,4920,1900
trip_load_692_B_h_12,4940,1900
trip_load_692_B_h_13,4960,1900
trip_load_692_B_h_14,4980,1900
trip_load_692_B_h_15,5000,1900
trip_load_692_B_h_16,5020,1900
trip_load_692_B_h_17,5040,1900
trip_load_692_B_h_18,5060,1900
trip_load_692_B_h_19,5080,1900
trip_load_692_B_h_20,5100,1900
trip_load_692_B_h_21,5120,1900
trip_load_692_B_h_22,5140,1900
trip_load_692_B_h_23,5160,1900
trip_load_692_B_h_24,5180,1900
trip_load_692_B_h_25,5200,1900
trip_load_692_B_h_26,5220,1900
trip_load_692_B_h_27,5240,1900
trip_load_692_B_h_28,5260,1900
trip_load_692_B_h_29,5280,1900
trip_load_692_B_h_30,5300,1900
trip_load_692_B_h_31,5320,1900
trip_load_692_B_h_32,5340,1900
trip_load_692_B_h_33,5360,1900
trip_load_692_B_h_34,5380,1900
trip_load_692_B_h_35,5400,1900
trip_load_692_B_h_36,5420,1900
trip_load_692_B_h_37,5440,1900
trip_load_692_B_h_38,5460,1900
trip_load_692_B_h_39,5480,1900
trip_load_692_B_h_40,5500,1900
trip_load_692_C_h_1,5520,1900
trip_load_692_C_h_2,5540,1900
trip_load_692_C_h_3,5560,1900
trip_load_692_C_h_4,5580,1900
trip_load_692_C_h_5,5600,1900
trip_load_692_C_h_6,5620,1900
trip_load_692_C_h_7,5640,1900
trip_load_692_C_h_8,5660,1900
trip_load_692_C_h_9,5680,1900
trip_load_692_C_h_10,5700,1900
trip_load_692_C_h_11,5720,1900
trip_load_692_C_h_12,5740,1900
trip_load_692_C_h_13,5760,1900
trip_load_692_C_h_14,5780,1900
trip_load_692_C_h_15,5800,1900
trip_load_692_C_h_16,5820,1900
trip_load_692_C_h_17,5840,1900
trip_load_692_C_h_18,5860,1900
trip_load_692_C_h_19,5880,1900
trip_load_692_C_h_20,5900,1900
trip_load_692_C_h_21,5920,1900
trip_load_692_C_h_22,5940,1900
trip_load_692_C_h_23,5960,1900
trip_load_692_C_h_24,5980,1900
trip_load_692_C_h_25,6000,1900
trip_load_692_C_h_26,6020,1900
trip_load_692_C_h_27,6040,1900
trip_load_692_C_h_28,6060,1900
trip_load_692_C_h_29,6080,1900
trip_load_692_C_h_30,6100,1900
trip_load_692_C_h_31,6120,1900
trip_load_692_C_h_32,6140,1900
trip_load_692_C_h_33,6160,1900
trip_load_692_C_h_34,6180,1900
trip_load_692_C_h_35,6200,1900
trip_load_692_C_h_36,6220,1900
trip_load_692_C_h_37,6240,1900
trip_load_692_C_h_38,6260,1900
trip_load_692_C_h_39,6280,1900
trip_load_692_C_h_40,6300,1900
xfmr_meter_675_A_1,4920,1900
trip_node_675_A_1,4920,1900
xfmr_meter_675_A_2,4920,1900
trip_node_675_A_2,4930,1900
xfmr_meter_675_A_3,4920,1900
trip_node_675_A_3,4940,1900
xfmr_meter_675_A_4,4920,1900
trip_node_675_A_4,4950,1900
xfmr_meter_675_A_5,4920,1900
trip_node_675_A_5,4960,1900
xfmr_meter_675_B_1,4920,1900
trip_node_675_B_1,4970,1900
xfmr_meter_675_B_2,4920,1900
trip_node_675_B_2,4980,1900
xfmr_meter_675_B_3,4920,1900
trip_node_675_B_3,4990,1900
xfmr_meter_675_B_4,4920,1900
trip_node_675_B_4,5000,1900
xfmr_meter_675_B_5,4920,1900
trip_node_675_B_5,5010,1900
xfmr_meter_675_C_1,4920,1900
trip_node_675_C_1,5020,1900
xfmr_meter_675_C_2,4920,1900
trip_node_675_C_2,5030,1900
xfmr_meter_675_C_3,4920,1900
trip_node_675_C_3,5040,1900
xfmr_meter_675_C_4,4920,1900
trip_node_675_C_4,5050,1900
xfmr_meter_675_C_5,4920,1900
trip_node_675_C_5,5060,1900
meter_675_A,4920,1900
meter_675_B,5000,1900
meter_675_C,5080,1900
trip_load_675_A_h_1,4720,1900
trip_load_675_A_h_2,4740,1900
trip_load_675_A_h_3,4760,1900
trip_load_675_A_h_4,4780,1900
trip_load_675_A_h_5,4800,1900
trip_load_675_A_h_6,4820,1900
trip_load_675_A_h_7,4840,1900
trip_load_675_A_h_8,4860,1900
trip_load_675_A_h_9,4880,1900
trip_load_675_A_h_10,4900,1900
trip_load_675_A_h_11,4920,1900
trip_load_675_A_h_12,4940,1900
trip_load_675_A_h_13,4960,1900
trip_load_675_A_h_14,4980,1900
trip_load_675_A_h_15,5000,1900
trip_load_675_A_h_16,5020,1900
trip_load_675_A_h_17,5040,1900
trip_load_675_A_h_18,5060,1900
trip_load_675_A_h_19,5080,1900
trip_load_675_A_h_20,5100,1900
trip_load_675_A_h_21,5120,1900
trip_load_675_A_h_22,5140,1900
trip_load_675_A_h_23,5160,1900
trip_load_675_A_h_24,5180,1900
trip_load_675_A_h_25,5200,1900
trip_load_675_A_h_26,5220,1900
trip_load_675_A_h_27,5240,1900
trip_load_675_A_h_28,5260,1900
trip_load_675_A_h_29,5280,1900
trip_load_675_A_h_30,5300,1900
trip_load_675_A_h_31,5320,1900
trip_load_675_A_h_32,5340,1900
trip_load_675_A_h_33,5360,1900
trip_load_675_A_h_34,5380,1900
trip_load_675_A_h_35,5400,1900
trip_load_675_A_h_36,5420,1900
trip_load_675_A_h_37,5440,1900
trip_load_675_A_h_38,5460,1900
trip_load_675_A_h_39,5480,1900
trip_load_675_A_h_40,5500,1900
trip_load_675_B_h_1,5520,1900
trip_load_675_B_h_2,5540,1900
trip_load_675_B_h_3,5560,1900
trip_load_675_B_h_4,5580,1900
trip_load_675_B_h_5,5600,1900
trip_load_675_B_h_6,5620,1900
trip_load_675_B_h_7,5640,1900
trip_load_675_B_h_8,5660,1900
trip_load_675_B_h_9,5680,1900
trip_load_675_B_h_10,5700,1900
trip_load_675_B_h_11,5720,1900
trip_load_675_B_h_12,5740,1900
trip_load_675_B_h_13,5760,1900
trip_load_675_B_h_14,5780,1900
trip_load_675_B_h_15,5800,1900
trip_load_675_B_h_16,5820,1900
trip_load_675_B_h_17,5840,1900
trip_load_675_B_h_18,5860,1900
trip_load_675_B_h_19,5880,1900
trip_load_675_B_h_20,5900,1900
trip_load_675_B_h_21,5920,1900
trip_load_675_B_h_22,5940,1900
trip_load_675_B_h_23,5960,1900
trip_load_675_B_h_24,5980,1900
trip_load_675_B_h_25,6000,1900
trip_load_675_B_h_26,6020,1900
trip_load_675_B_h_27,6040,1900
trip_load_675_B_h_28,6060,1900
trip_load_675_B_h_29,6080,1900
trip_load_675_B_h_30,6100,1900
trip_load_675_B_h_31,6120,1900
trip_load_675_B_h_32,6140,1900
trip_load_675_B_h_33,6160,1900
trip_load_675_B_h_34,6180,1900
trip_load_675_B_h_35,6200,1900
trip_load_675_B_h_36,6220,1900
trip_load_675_B_h_37,6240,1900
trip_load_675_B_h_38,6260,1900
trip_load_675_B_h_39,6280,1900
trip_load_675_B_h_40,6300,1900
trip_load_675_C_h_1,6320,1900
trip_load_675_C_h_2,6340,1900
trip_load_675_C_h_3,6360,1900
trip_load_675_C_h_4,6380,1900
trip_load_675_C_h_5,6400,1900
trip_load_675_C_h_6,6420,1900
trip_load_675_C_h_7,6440,1900
trip_load_675_C_h_8,6460,1900
trip_load_675_C_h_9,6480,1900
trip_load_675_C_h_10,6500,1900
trip_load_675_C_h_11,6520,1900
trip_load_675_C_h_12,6540,1900
trip_load_675_C_h_13,6560,1900
trip_load_675_C_h_14,6580,1900
trip_load_675_C_h_15,6600,1900
trip_load_675_C_h_16,6620,1900
trip_load_675_C_h_17,6640,1900
trip_load_675_C_h_18,6660,1900
trip_load_675_C_h_19,6680,1900
trip_load_675_C_h_20,6700,1900
trip_load_675_C_h_21,6720,1900
trip_load_675_C_h_22,6740,1900
trip_load_675_C_h_23,6760,1900
trip_load_675_C_h_24,6780,1900
trip_load_675_C_h_25,6800,1900
trip_load_675_C_h_26,6820,1900
trip_load_675_C_h_27,6840,1900
trip_load_675_C_h_28,6860,1900
trip_load_675_C_h_29,6880,1900
trip_load_675_C_h_30,6900,1900
trip_load_675_C_h_31,6920,1900
trip_load_675_C_h_32,6940,1900
trip_load_675_C_h_33,6960,1900
trip_load_675_C_h_34,6980,1900
trip_load_675_C_h_35,7000,1900
trip_load_675_C_h_36,7020,1900
trip_load_675_C_h_37,7040,1900
trip_load_675_C_h_38,7060,1900
trip_load_675_C_h_39,7080,1900
trip_load_675_C_h_40,7100,1900
xfmr_meter_645_B_1,2100,3900
trip_node_645_B_1,2100,3900
xfmr_meter_645_B_2,2100,3900
trip_node_645_B_2,2090,3900
xfmr_meter_645_B_3,2100,3900
trip_node_645_B_3,2080,3900
xfmr_meter_645_B_4,2100,3900
trip_node_645_B_4,2070,3900
xfmr_meter_645_B_5,2100,3900
trip_node_645_B_5,2060,3900
xfmr_meter_645_C_1,2100,3900
trip_node_645_C_1,2050,3900
xfmr_meter_645_C_2,2100,3900
trip_node_645_C_2,2040,3900
xfmr_meter_645_C_3,2100,3900
trip_node_645_C_3,2030,3900
xfmr_meter_645_C_4,2100,3900
trip_node_645_C_4,2020,3900
xfmr_meter_645_C_5,2100,3900
trip_node_645_C_5,2010,3900
meter_645_B,2100,3900
meter_645_C,2020,3900
trip_load_645_B_h_1,1920,3900
trip_load_645_B_h_2,1900,3900
trip_load_645_B_h_3,1880,3900
trip_load_645_B_h_4,1860,3900
trip_load_645_B_h_5,1840,3900
trip_load_645_B_h_6,1820,3900
trip_load_645_B_h_7,1800,3900
trip_load_645_B_h_8,1780,3900
trip_load_645_B_h_9,1760,3900
trip_load_645_B_h_10,1740,3900
trip_load_645_B_h_11,1720,3900
trip_load_645_B_h_12,1700,3900
trip_load_645_B_h_13,1680,3900
trip_load_645_B_h_14,1660,3900
trip_load_645_B_h_15,1640,3900
trip_load_645_B_h_16,1620,3900
trip_load_645_B_h_17,1600,3900
trip_load_645_B_h_18,1580,3900
trip_load_645_B_h_19,1560,3900
trip_load_645_B_h_20,1540,3900
trip_load_645_B_h_21,1520,3900
trip_load_645_B_h_22,1500,3900
trip_load_645_B_h_23,1480,3900
trip_load_645_B_h_24,1460,3900
trip_load_645_B_h_25,1440,3900
trip_load_645_B_h_26,1420,3900
trip_load_645_B_h_27,1400,3900
trip_load_645_B_h_28,1380,3900
trip_load_645_B_h_29,1360,3900
trip_load_645_B_h_30,1340,3900
trip_load_645_B_h_31,1320,3900
trip_load_645_B_h_32,1300,3900
trip_load_645_B_h_33,1280,3900
trip_load_645_B_h_34,1260,3900
trip_load_645_B_h_35,1240,3900
trip_load_645_B_h_36,1220,3900
trip_load_645_B_h_37,1200,3900
trip_load_645_B_h_38,1180,3900
trip_load_645_B_h_39,1160,3900
trip_load_645_B_h_40,1140,3900
trip_load_645_C_h_1,1120,3900
trip_load_645_C_h_2,1100,3900
trip_load_645_C_h_3,1080,3900
trip_load_645_C_h_4,1060,3900
trip_load_645_C_h_5,1040,3900
trip_load_645_C_h_6,1020,3900
trip_load_645_C_h_7,1000,3900
trip_load_645_C_h_8,980,3900
trip_load_645_C_h_9,960,3900
trip_load_645_C_h_10,940,3900
trip_load_645_C_h_11,920,3900
trip_load_645_C_h_12,900,3900
trip_load_645_C_h_13,880,3900
trip_load_645_C_h_14,860,3900
trip_load_645_C_h_15,840,3900
trip_load_645_C_h_16,820,3900
trip_load_645_C_h_17,800,3900
trip_load_645_C_h_18,780,3900
trip_load_645_C_h_19,760,3900
trip_load_645_C_h_20,740,3900
trip_load_645_C_h_21,720,3900
trip_load_645_C_h_22,700,3900
trip_load_645_C_h_23,680,3900
trip_load_645_C_h_24,660,3900
trip_load_645_C_h_25,640,3900
trip_load_645_C_h_26,620,3900
trip_load_645_C_h_27,600,3900
trip_load_645_C_h_28,580,3900
trip_load_645_C_h_29,560,3900
trip_load_645_C_h_30,540,3900
trip_load_645_C_h_31,520,3900
trip_load_645_C_h_32,500,3900
trip_load_645_C_h_33,480,3900
trip_load_645_C_h_34,460,3900
trip_load_645_C_h_35,440,3900
trip_load_645_C_h_36,420,3900
trip_load_645_C_h_37,400,3900
trip_load_645_C_h_38,380,3900
trip_load_645_C_h_39,360,3900
trip_load_645_C_h_40,340,3900
xfmr_meter_684_C_1,2100,1900
trip_node_684_C_1,2100,1900
xfmr_meter_684_C_2,2100,1900
trip_node_684_C_2,2090,1900
xfmr_meter_684_C_3,2100,1900
trip_node_684_C_3,2080,1900
xfmr_meter_684_C_4,2100,1900
trip_node_684_C_4,2070,1900
xfmr_meter_684_C_5,2100,1900
trip_node_684_C_5,2060,1900
xfmr_meter_684_A_1,2100,1900
trip_node_684_A_1,2050,1900
xfmr_meter_684_A_2,2100,1900
trip_node_684_A_2,2040,1900
xfmr_meter_684_A_3,2100,1900
trip_node_684_A_3,2030,1900
xfmr_meter_684_A_4,2100,1900
trip_node_684_A_4,2020,1900
xfmr_meter_684_A_5,2100,1900
trip_node_684_A_5,2010,1900
meter_684_A,2100,1900
meter_684_C,2020,1900
trip_load_684_C_h_1,1920,1900
trip_load_684_C_h_2,1900,1900
trip_load_684_C_h_3,1880,1900
trip_load_684_C_h_4,1860,1900
trip_load_684_C_h_5,1840,1900
trip_load_684_C_h_6,1820,1900
trip_load_684_C_h_7,1800,1900
trip_load_684_C_h_8,1780,1900
trip_load_684_C_h_9,1760,1900
trip_load_684_C_h_10,1740,1900
trip_load_684_C_h_11,1720,1900
trip_load_684_C_h_12,1700,1900
trip_load_684_C_h_13,1680,1900
trip_load_684_C_h_14,1660,1900
trip_load_684_C_h_15,1640,1900
trip_load_684_C_h_16,1620,1900
trip_load_684_C_h_17,1600,1900
trip_load_684_C_h_18,1580,1900
trip_load_684_C_h_19,1560,1900
trip_load_684_C_h_20,1540,1900
trip_load_684_C_h_21,1520,1900
trip_load_684_C_h_22,1500,1900
trip_load_684_C_h_23,1480,1900
trip_load_684_C_h_24,1460,1900
trip_load_684_C_h_25,1440,1900
trip_load_684_C_h_26,1420,1900
trip_load_684_C_h_27,1400,1900
trip_load_684_C_h_28,1380,1900
trip_load_684_C_h_29,1360,1900
trip_load_684_C_h_30,1340,1900
trip_load_684_C_h_31,1320,1900
trip_load_684_C_h_32,1300,1900
trip_load_684_C_h_33,1280,1900
trip_load_684_C_h_34,1260,1900
trip_load_684_C_h_35,1240,1900
trip_load_684_C_h_36,1220,1900
trip_load_684_C_h_37,1200,1900
trip_load_684_C_h_38,1180,1900
trip_load_684_C_h_39,1160,1900
trip_load_684_C_h_40,1140,1900
trip_load_684_A_h_1,1120,1900
trip_load_684_A_h_2,1100,1900
trip_load_684_A_h_3,1080,1900
trip_load_684_A_h_4,1060,1900
trip_load_684_A_h_5,1040,1900
trip_load_684_A_h_6,1020,1900
trip_load_684_A_h_7,1000,1900
trip_load_684_A_h_8,980,1900
trip_load_684_A_h_9,960,1900
trip_load_684_A_h_10,940,1900
trip_load_684_A_h_11,920,1900
trip_load_684_A_h_12,900,1900
trip_load_684_A_h_13,880,1900
trip_load_684_A_h_14,860,1900
trip_load_684_A_h_15,840,1900
trip_load_684_A_h_16,820,1900
trip_load_684_A_h_17,800,1900
trip_load_684_A_h_18,780,1900
trip_load_684_A_h_19,760,1900
trip_load_684_A_h_20,740,1900
trip_load_684_A_h_21,720,1900
trip_load_684_A_h_22,700,1900
trip_load_684_A_h_23,680,1900
trip_load_684_A_h_24,660,1900
trip_load_684_A_h_25,640,1900
trip_load_684_A_h_26,620,1900
trip_load_684_A_h_27,600,1900
trip_load_684_A_h_28,580,1900
trip_load_684_A_h_29,560,1900
trip_load_684_A_h_30,540,1900
trip_load_684_A_h_31,520,1900
trip_load_684_A_h_32,500,1900
trip_load_684_A_h_33,480,1900
trip_load_684_A_h_34,460,1900
trip_load_684_A_h_35,440,1900
trip_load_684_A_h_36,420,1900
trip_load_684_A_h_37,400,1900
trip_load_684_A_h_38,380,1900
trip_load_684_A_h_39,360,1900
trip_load_684_A_h_40,340,1900
xfmr_meter_611_C_1,1100,1900
trip_node_611_C_1,1100,1900
xfmr_meter_611_C_2,1100,1900
trip_node_611_C_2,1090,1900
xfmr_meter_611_C_3,1100,1900
trip_node_611_C_3,1080,1900
xfmr_meter_611_C_4,1100,1900
trip_node_611_C_4,1070,1900
xfmr_meter_611_C_5,1100,1900
trip_node_611_C_5,1060,1900
meter_611_C,1100,1900
trip_load_611_C_h_1,1220,1900
trip_load_611_C_h_2,1200,1900
trip_load_611_C_h_3,1180,1900
trip_load_611_C_h_4,1160,1900
trip_load_611_C_h_5,1140,1900
trip_load_611_C_h_6,1120,1900
trip_load_611_C_h_7,1100,1900
trip_load_611_C_h_8,1080,1900
trip_load_611_C_h_9,1060,1900
trip_load_611_C_h_10,1040,1900
trip_load_611_C_h_11,1020,1900
trip_load_611_C_h_12,1000,1900
trip_load_611_C_h_13,980,1900
trip_load_611_C_h_14,960,1900
trip_load_611_C_h_15,940,1900
trip_load_611_C_h_16,920,1900
trip_load_611_C_h_17,900,1900
trip_load_611_C_h_18,880,1900
trip_load_611_C_h_19,860,1900
trip_load_611_C_h_20,840,1900
trip_load_611_C_h_21,820,1900
trip_load_611_C_h_22,800,1900
trip_load_611_C_h_23,780,1900
trip_load_611_C_h_24,760,1900
trip_load_611_C_h_25,740,1900
trip_load_611_C_h_26,720,1900
trip_load_611_C_h_27,700,1900
trip_load_611_C_h_28,680,1900
trip_load_611_C_h_29,660,1900
trip_load_611_C_h_30,640,1900
trip_load_611_C_h_31,620,1900
trip_load_611_C_h_32,600,1900
trip_load_611_C_h_33,580,1900
trip_load_611_C_h_34,560,1900
trip_load_611_C_h_35,540,1900
trip_load_611_C_h_36,520,1900
trip_load_611_C_h_37,500,1900
trip_load_611_C_h_38,480,1900
trip_load_611_C_h_39,460,1900
trip_load_611_C_h_40,440,1900
xfmr_meter_652_A_1,2000,900
trip_node_652_A_1,2000,900
xfmr_meter_652_A_2,2000,900
trip_node_652_A_2,1990,900
xfmr_meter_652_A_3,2000,900
trip_node_652_A_3,1980,900
xfmr_meter_652_A_4,2000,900
trip_node_652_A_4,1970,900
xfmr_meter_652_A_5,2000,900
trip_node_652_A_5,1960,900
meter_652_A,2000,900
trip_load_652_A_h_1,1920,900
trip_load_652_A_h_2,1900,900
trip_load_652_A_h_3,1880,900
trip_load_652_A_h_4,1860,900
trip_load_652_A_h_5,1840,900
trip_load_652_A_h_6,1820,900
trip_load_652_A_h_7,1800,900
trip_load_652_A_h_8,1780,900
trip_load_652_A_h_9,1760,900
trip_load_652_A_h_10,1740,900
trip_load_652_A_h_11,1720,900
trip_load_652_A_h_12,1700,900
trip_load_652_A_h_13,1680,900
trip_load_652_A_h_14,1660,900
trip_load_652_A_h_15,1640,900
trip_load_652_A_h_16,1620,900
trip_load_652_A_h_17,1600,900
trip_load_652_A_h_18,1580,900
trip_load_652_A_h_19,1560,900
trip_load_652_A_h_20,1540,900
trip_load_652_A_h_21,1520,900
trip_load_652_A_h_22,1500,900
trip_load_652_A_h_23,1480,900
trip_load_652_A_h_24,1460,900
trip_load_652_A_h_25,1440,900
trip_load_652_A_h_26,1420,900
trip_load_652_A_h_27,1400,900
trip_load_652_A_h_28,1380,900
trip_load_652_A_h_29,1360,900
trip_load_652_A_h_30,1340,900
trip_load_652_A_h_31,1320,900
trip_load_652_A_h_32,1300,900
trip_load_652_A_h_33,1280,900
trip_load_652_A_h_34,1260,900
trip_load_652_A_h_35,1240,900
trip_load_652_A_h_36,1220,900
trip_load_652_A_h_37,1200,900
trip_load_652_A_h_38,1180,900
trip_load_652_A_h_39,1160,900
trip_load_652_A_h_40,1140,900
